{
  "frontend/next-env.d.ts": 1775840197.7608242,
  "frontend/app/layout.tsx": 1775840197.7608242,
  "frontend/app/page.tsx": 1775840197.7608242,
  "frontend/app/api/directions/route.ts": 1775840197.7608242,
  "frontend/components/Map.tsx": 1775840197.7608242,
  "src/geocoding_location.py": 1775840197.7648244,
  "src/csv_to_json.py": 1775840197.7648244,
  "src/get_new_data.py": 1775840197.7648244,
  "src/get_addres_plus_code.py": 1775840197.7648244,
  "src/extract_pdf.py": 1775840197.7648244,
  "src/json_to_csv.py": 1775840197.7648244,
  "AGENTS.md": 1775840410.1347969,
  "README.md": 1775840197.7608242,
  "PROJECT_STRUCTURE.MD": 1775840197.7608242,
  "frontend/public/marker_campuran.png": 1775840197.7608242,
  "frontend/public/marker_putri.png": 1775840197.7608242,
  "frontend/public/web_logo.png": 1775840197.7648244,
  "frontend/public/marker_putra.png": 1775840197.7608242
}